Question,Answer,Type
1. What is Microsoft Excel?,"Microsoft Excelis a spreadsheet application used for organizing, analyzing, and visualizing data. It provides tools for creating calculations, charts, and data models, making it an essential tool for professionals in various industries.",Beginner
2. What is a cell in Excel?,"A cell is the smallest unit in an Excel worksheet, located at the intersection of a row and column. It’s where you enter data, which can be text, numbers, or formulas. Each cell is identified by its address, such as A1.",Beginner
3. How do you save a file in Excel?,"You can save your file using theexcel shortcutCtrl + Sor by navigating toFile > Save As. This allows you to save your work in various formats, including .xlsx, .xls, or .csv.",Beginner
4. What is a workbook in Excel?,A workbook is an Excel file that contains one or more worksheets. It allows you to organize related data into multiple sheets for easier analysis and management.,Beginner
5. How do you insert a new worksheet?,"To insert a worksheet, click the+button at the bottom of the screen or use the shortcutShift + F11. This creates a blank worksheet within the same workbook.",Beginner
6. What is the Ribbon in Excel?,"The Ribbon is the toolbar at the top of Excel that contains various tabs and commands. It is divided into sections like Home, Insert, Data, and Formulas, each offering specific tools for your tasks.",Beginner
7. How do you use Undo and Redo in Excel?,"Undo allows you to reverse your last action (Ctrl + Z), while Redo re-applies an undone action (Ctrl + Y). These shortcuts are useful for correcting mistakes or reapplying changes.",Beginner
8. What is the shortcut for copying data?,UseCtrl + Cto copy andCtrl + Vto paste data. This is a quick way to duplicate data or formulas between cells.,Beginner
9. What is the formula bar in Excel?,The formula bar is a field at the top of the Excel window that displays the contents of the selected cell. It’s especially useful for viewing and editing formulas.,Beginner
10. How do you merge cells in Excel?,"Tomerge cells, select the cells you want to combine and clickMerge & Centerin the Home tab. This is often used for creating headings or labels.",Beginner
11. What is the difference between a column and a row?,"Columns are vertical sections identified by letters (A, B, C), while rows are horizontal sections identified by numbers (1, 2, 3). Together, they form the grid of an Excel worksheet.",Beginner
12. How do you wrap text in a cell?,"Towrap text, select a cell and clickWrap Textin the Home tab. This adjusts the cell content to fit within its boundaries without spilling over into adjacent cells.",Beginner
13. What are cell references in Excel?,"Cell referencesspecify a cell’s location in a formula. Relative references (e.g., A1) adjust when copied, absolute references (e.g., $A$1) remain fixed, and mixed references (e.g., $A1) partially adjust.",Beginner
14. How do you delete a worksheet?,"Right-click the sheet tab and selectDelete.Deleting a sheetpermanently removes its data, so it’s recommended to back up your workbook first.",Beginner
15. How do you adjust column width?,Drag the boundary of a column header to resize it manually or double-click the boundary to auto-adjust based on the longest cell content.,Beginner
16. What is a formula in Excel?,"A formula is an expression that calculates the value of a cell. It begins with=and can include operators, cell references, and functions (e.g.,=A1+B1).",Intermediate
17. What is conditional formatting in Excel?,"Conditional formattinghighlights cells based on rules you set. For example, you can apply red shading to cells with values less than 50 usingHome > Conditional Formatting.",Intermediate
18. What is a Pivot Table?,"APivot Tablesummarizes and analyzes large datasets by grouping, filtering, and aggregating data dynamically. It’s a powerful tool for creating reports and visual summaries.",Intermediate
19. How do you apply filters in Excel?,"To filter data, select your dataset and clickData > Filter. Dropdown arrows appear, allowing you to filter rows based on specific criteria.",Intermediate
20. What is the VLOOKUP function?,"VLOOKUPsearches for a value in the first column of a table and returns a value from a specified column in the same row. For example,=VLOOKUP(""Apple"", A1:C10, 2, FALSE)looks for ""Apple"" in column A and returns the corresponding value from column B.",Intermediate
21. What is the difference between COUNT and COUNTA?,"COUNT counts numeric values, while COUNTA counts all non-empty cells, including text. For example,=COUNT(A1:A10)returns the count of numbers, and=COUNTA(A1:A10)includes text and numbers.",Intermediate
22. How do you create a chart in Excel?,"Select your data, go toInsert > Chart, and choose a chart type.Chartsvisually represent data trends and patterns, making analysis more accessible.",Intermediate
23. What is the CONCATENATE function?,"CONCATENATEcombines text from multiple cells into one. For example,=CONCATENATE(""Hello"", "" World"")results in ""Hello World.""",Intermediate
24. How do you remove duplicates in Excel?,"Select your data, then go toData > Remove Duplicates. This helps clean datasets by eliminating redundant entries based on selected columns.",Intermediate
25. What is data validation?,"Data validationrestricts data entry to specified types or ranges. For instance, you can limit a cell to accept only whole numbers between 1 and 100.",Intermediate
26. What is Power Query?,"Power Query automates data import, transformation, and cleaning tasks. It’s especially useful for consolidating data from multiple sources into one table.",Advanced
27. What is the XLOOKUP function?,"XLOOKUPis an improved lookup function that can search in any direction and return a value or array. For example,=XLOOKUP(""Apple"", A1:A10, B1:B10)searches for ""Apple"" in column A and returns the corresponding value from column B.",Advanced
28. What is the purpose of macros in Excel?,Macrosautomate repetitive tasks by recording a series of steps. They are written in VBA (Visual Basic for Applications) and can save hours of manual work.,Advanced
29. What is the IF function?,"TheIF functionperforms logical tests and returns different values based on the result. For instance,=IF(A1>10, ""Pass"", ""Fail"")returns ""Pass"" if A1 is greater than 10 and ""Fail"" otherwise.",Advanced
30. How do INDEX and MATCH work together?,"INDEXreturns the value of a cell at a specified row and column, while MATCH finds the position of a value in a range. Combined, they perform advanced lookups. For example,=INDEX(A1:C10, MATCH(""Apple"", A1:A10, 0), 2)finds ""Apple"" in column A and returns the corresponding value from column B.",Advanced
31. What are array formulas?,"Array formulas perform multiple calculations on a range of cells and return a single result or an array of results. For example,=SUM(A1:A10*B1:B10)calculates the sum of products for corresponding rows in two ranges.",Advanced
32. What is a slicer in Excel?,A slicer is a visual filtering tool used withPivot Tablesor Pivot Charts. It allows users to filter data dynamically by clicking on buttons corresponding to filter criteria.,Advanced
33. What is the TEXT function?,"The TEXT function converts a number to text in a specified format. For example,=TEXT(A1, ""MM/DD/YYYY"")converts a date into a readable format like 01/01/2025.",Advanced
34. What is the ROUND function?,"The ROUND function rounds a number to a specified number of digits. For instance,=ROUND(12.345, 2)returns 12.35, rounding to two decimal places.",Advanced
35. What is the TRIM function?,"The TRIM function removes all extra spaces from text except for single spaces between words. For example,=TRIM("" Excel Tips "")returns ""Excel Tips.""",Advanced
36. How do you use Goal Seek in Excel?,"Goal Seek finds the input value needed to achieve a desired result in a formula. Navigate toData > What-If Analysis > Goal Seek, set your target value, and let Excel calculate the required input.",Advanced
37. What is Solver in Excel?,"Solver is an advanced optimization tool used to find the best solution for a problem with multiple constraints. It’s often used for resource allocation, portfolio optimization, and scheduling.",Advanced
38. What is the PMT function?,"The PMT function calculates loan payments based on constant interest rates and payment schedules. For example,=PMT(5%/12, 60, -10000)calculates the monthly payment for a loan.",Advanced
39. How do you create a dependent drop-down list?,Dependent drop-down lists change their options based on the selection in another list. Use Data Validation combined with theINDIRECTfunction to reference the appropriate range dynamically.,Advanced
40. What is a dynamic chart in Excel?,"Adynamic chartupdates automatically when its source data changes. You can create one using named ranges or Excel tables, ensuring the chart adapts to data additions or removals.",Advanced
41. How do you use Power Pivot in Excel?,"Power Pivotenables advanced data modeling and analysis. It allows users to create relationships between tables, build complex calculations using DAX formulas, and handle large datasets efficiently.",Advanced
42. What is the NETWORKDAYS function?,"The NETWORKDAYS function calculates the number of working days between two dates, excluding weekends and holidays. For example,=NETWORKDAYS(A1, A2, Holidays)returns the count of workdays between A1 and A2.",Advanced
43. How do you split text into columns?,"UseData > Text to Columnsto split text based on delimiters (e.g., commas, spaces) or fixed widths. This is useful for separating names, addresses, or other concatenated data.",Advanced
44. How do you compare two datasets in Excel?,"You can use conditional formatting to highlight matching or non-matching values between datasets. Alternatively, use formulas like=IF(A1=B1, ""Match"", ""No Match"").",Advanced
45. How do you calculate CAGR (Compound Annual Growth Rate) in Excel?,"CAGR is calculated using the formula=(Ending Value / Starting Value)^(1/Number of Years) - 1. For example,=(20000 / 10000)^(1/5) - 1calculates a 14.87% CAGR over five years.",Advanced
46. What is the UNIQUE function?,"The UNIQUE function, available in Excel 365, extracts unique values from a range. For example,=UNIQUE(A1:A10)generates a list of unique items from the specified range.",Advanced
47. How do you calculate a weighted average in Excel?,"Use theSUMPRODUCTfunction to calculateweighted averages. For example,=SUMPRODUCT(A1:A5, B1:B5)/SUM(B1:B5)computes the average when weights are in column B.",Advanced
48. How do you normalize data in Excel?,"To normalize data, subtract the mean and divide by the standard deviation:=(Value - MEAN) / STDEV. This scales the data for comparison across datasets.",Advanced
49. How do you highlight duplicates in Excel?,UseConditional Formatting > Highlight Cells Rules > Duplicate Valuesto identify duplicate entries in a dataset.,Advanced
50. How do you use the DATEDIF function?,"DATEDIF calculates the difference between two dates in years, months, or days. For example,=DATEDIF(A1, B1, ""Y"")returns the number of years between two dates.",Advanced
51. What is the FILTER function?,"The FILTER function dynamically returns rows or columns based on criteria. For example,=FILTER(A1:A10, B1:B10=""Yes"")filters rows where column B equals ""Yes.""",Data Analyst-Specific
52. What is the SORT function?,"The SORT function sorts data dynamically based on specified criteria. For example,=SORT(A1:A10, 1, -1)sorts the range A1:A10 in descending order.",Data Analyst-Specific
53. How do you use Excel for regression analysis?,"Excel’sData Analysis ToolPakoffers regression tools to calculate coefficients, R², and statistical significance for predictive modeling.",Data Analyst-Specific
54. What is XLOOKUP?,"XLOOKUP replaces VLOOKUP and HLOOKUP, allowing flexible searches in any direction. For example,=XLOOKUP(""Apple"", A1:A10, B1:B10)returns the value associated with ""Apple"" in column B.",Data Analyst-Specific
55. How do you automate Excel reports?,You can automate reports using macros (VBA) or Power Query for data refreshes. Use dynamic ranges and Pivot Tables to handle recurring updates.,Data Analyst-Specific
56. How do you connect Excel to external data sources?,"UseData > Get Datato import data from databases, web sources, or APIs. This feature allows integration with tools like SQL Server and Power BI.",Data Analyst-Specific
57. How do you use Excel with Power BI?,Excel integrates seamlessly withPower BIfor advanced data visualization. Publish Excel files directly to Power BI or connect to datasets using Analyze in Excel.,Data Analyst-Specific
58. How do you use Excel 365 Copilot for automation?,"Excel 365 Copilot automates tasks, generates insights, and creates formulas based on natural language prompts. For instance, asking “Summarize quarterly sales data” generates an immediate summary.",Data Analyst-Specific
59. What is the LET function?,"The LET function allows you to assign names to intermediate calculations within a formula, improving readability and performance. For example,=LET(x, A1+A2, x^2)calculates the square of the sum of A1 and A2.",Data Analyst-Specific
60. What is the TEXTAFTER function?,"TEXTAFTER extracts text that appears after a specified delimiter. For example,=TEXTAFTER(""Excel 365"", "" "")returns ""365.""",Data Analyst-Specific
61. What is the TEXTBEFORE function?,"TEXTBEFORE extracts text that appears before a specific delimiter in a string. For example,=TEXTBEFORE(""Excel 365"", "" "")returns ""Excel.""",Data Analyst-Specific
62. How do you use the WRAPCOLS function?,"The WRAPCOLS function organizes a single row or column of data into multiple columns with a specified number of entries per column. For example,=WRAPCOLS(A1:A10, 3)groups the range A1:A10 into columns of three values each.",Data Analyst-Specific
63. What is the WRAPROWS function?,"The WRAPROWS function reshapes a single column or row of data into multiple rows with a fixed number of entries per row. For example,=WRAPROWS(A1:A12, 4)organizes the range A1:A12 into three rows of four values.",Data Analyst-Specific
64. How do you create dependent drop-down lists in Excel?,"Use the INDIRECT function to reference named ranges dynamically. For example, a drop-down list for states changes based on the country selected in another drop-down list.",Data Analyst-Specific
65. How do you calculate ROI (Return on Investment) in Excel?,"ROI is calculated using the formula(Revenue - Cost) / Cost. For example,=(10000 - 5000) / 5000results in an ROI of 100%.",Data Analyst-Specific
66. How do you split names into first and last names?,"UseText to Columnsor formulas like=LEFT(A1, FIND("" "", A1)-1)for the first name and=RIGHT(A1, LEN(A1)-FIND("" "", A1))for the last name.",Data Analyst-Specific
67. How do you calculate the rank of a value in Excel?,"Use the RANK function, such as=RANK(A1, A1:A10)to find the position of a value within a range.",Data Analyst-Specific
68. What is the MAKEARRAY function in Excel?,"MAKEARRAY creates an array based on a custom formula. For example,=MAKEARRAY(3, 3, LAMBDA(row, col, row*col))generates a 3x3 array with the product of row and column numbers.",Data Analyst-Specific
69. How do you handle circular references in Excel?,"Enable iterative calculations inFile > Options > Formulas. Alternatively, redesign formulas to avoid self-references.",Data Analyst-Specific
70. How do you calculate moving averages?,"UseAVERAGEwith dynamic ranges or the Analysis ToolPak for a built-in Moving Average feature. For example,=AVERAGE(A1:A3)calculates a 3-period moving average.",Data Analyst-Specific
71. How does Copilot simplify data cleaning?,"Copilot can suggest and apply data cleaning methods like removing duplicates, filling missing values, or reformatting text. For example, you can ask, “Standardize product names in this dataset.”",Excel 365 Copilot-Specific
72. How does Copilot enhance data analysis?,Copilot provides insights and visualizations based on natural language queries like “Show the sales trend for the last 6 months” or “Highlight regions with the highest revenue.”,Excel 365 Copilot-Specific
73. How does Copilot assist with complex formulas?,"Copilot generates complex formulas based on descriptions. For example, you can type “Calculate profit margin” and get the formula=(Revenue - Cost) / Revenue.",Excel 365 Copilot-Specific
74. How does Copilot improve report generation?,"You can ask Copilot to “Create a monthly sales report” or “Summarize this dataset,” and it generates summaries, charts, and insights automatically.",Excel 365 Copilot-Specific
75. How does Copilot integrate with Power BI?,"Copilot works with Power BI to connect Excel data, generate interactive dashboards, and export insights into Excel for further analysis.",Excel 365 Copilot-Specific
76. How do you connect Excel to Power BI?,"Save your Excel file to OneDrive or SharePoint, then import it into Power BI Desktop or Power BI Service usingGet Data.",Power BI Integration with Excel
77. How do you use Analyze in Excel with Power BI?,Analyze in Excel allows you to connect directly to Power BI datasets and analyze data using Excel Pivot Tables. Download the connection file from Power BI Service and open it in Excel.,Power BI Integration with Excel
78. How do you export Power BI visuals to Excel?,"Click on a visualization in Power BI, then selectExport Datato download the data as an Excel or CSV file for further analysis.",Power BI Integration with Excel
79. How do you refresh Excel data connected to Power BI?,UseData > Refresh Allto sync Excel files with live Power BI datasets. Ensure the dataset is stored in the cloud for automatic updates.,Power BI Integration with Excel
80. How do you combine multiple Excel files into Power BI?,Use Power BI Desktop’sGet Data > Folderoption to load all Excel files in a folder. Power Query consolidates data from these files based on a common structure.,Power BI Integration with Excel
81. How do you use Power Query in Excel and Power BI?,"Power Query is used to clean and transform data before analysis. In Excel, it’s found underData > Get & Transform; in Power BI, it’s part of the data preparation process.",Power BI Integration with Excel
82. How do you schedule data refreshes for Power BI-integrated Excel files?,"Ensure Excel files are stored in OneDrive or SharePoint. In Power BI, go toDataset > Schedule Refreshto set up periodic updates.",Power BI Integration with Excel
83. How do you use Excel to create a project timeline?,"Create a Gantt chart by organizing tasks, start dates, and end dates. Use conditional formatting to visualize progress and highlight overdue tasks.",Scenario-Based Excel
84. How do you track expenses by category?,Use a Pivot Table to summarize expenses by category. Add slicers for interactivity and visualize spending trends using bar or pie charts.,Scenario-Based Excel
85. How do you calculate employee turnover rates in Excel?,Divide the number of employees who left during a period by the average number of employees. Formula:(Leavers / Average Employees) * 100.,Scenario-Based Excel
86. How do you clean messy datasets in Excel?,"UseTRIMto remove extra spaces,CLEANfor non-printable characters, andText to Columnsfor splitting concatenated data.",Scenario-Based Excel
87. How do you reconcile financial data?,"UseVLOOKUP,XLOOKUP, orINDEX-MATCHto compare two datasets for discrepancies. Highlight mismatches using conditional formatting.",Scenario-Based Excel
88. How do you perform scenario analysis in Excel?,"UseWhat-If Analysis > Scenario Managerto evaluate multiple scenarios by varying input values, such as sales growth or cost reductions.",Scenario-Based Excel
89. How do you calculate the weighted average in Excel?,"Use theSUMPRODUCTfunction. For example,=SUMPRODUCT(Scores, Weights) / SUM(Weights)calculates a weighted test score.",Scenario-Based Excel
90. How do you identify outliers in a dataset?,Use statistical formulas like=QUARTILEand calculate the interquartile range (IQR). Highlight values outside the range with conditional formatting.,Scenario-Based Excel
91. What is the purpose of dynamic named ranges in Excel?,"Dynamic named ranges automatically adjust their size when new data is added. Use theOFFSETfunction to define them, such as=OFFSET(A1, 0, 0, COUNTA(A:A)).",Important Excel Interview
92. How do you create a dependent drop-down list?,UseData Validation > Listand theINDIRECTfunction to create a drop-down list where options depend on another cell's selection.,Important Excel Interview
93. How do you visualize task dependencies in Excel?,Use a Gantt chart to show relationships between tasks. Add arrows to indicate dependencies and use conditional formatting for critical paths.,Important Excel Interview
"94. What is the RANK function, and how is it used?","The RANK function returns the rank of a number within a dataset. For example,=RANK(A1, A1:A10)ranks the value in A1 among the range A1:A10.",Important Excel Interview
95. How do you compare year-over-year (YoY) performance in Excel?,Calculate the percentage change using=((Current Year - Previous Year) / Previous Year) * 100. Use a Pivot Table to summarize YoY changes by category.,Important Excel Interview
96. How do you normalize data in Excel?,Subtract the mean and divide by the standard deviation using=(Value - MEAN) / STDEV. This standardizes data for comparison across variables.,Important Excel Interview
97. How do you protect sensitive data in Excel?,Encrypt the workbook usingFile > Info > Protect Workbook. Lock specific cells withFormat Cells > Protectionand enable sheet protection.,Important Excel Interview
98. How do you create a performance dashboard in Excel?,"Combine Pivot Tables, slicers, and interactive charts to track KPIs. Use Excel tables to enable automatic updates as new data is added.",Important Excel Interview
99. What is the difference between absolute and relative cell references?,"Absolute references ($A$1) remain constant when copied, while relative references (A1) adjust relative to their new location.",Important Excel Interview
100. How do you use Excel to calculate depreciation?,"UseSLNfor straight-line depreciation (=SLN(Cost, Salvage, Life)) orDBfor declining balance depreciation.",Important Excel Interview
101. How do you use Solver for optimization problems?,Solver finds the optimal solution by adjusting input values within defined constraints. Use it for resource allocation or cost minimization problems.,Important Excel Interview
102. How do you calculate the correlation between two datasets?,"Use theCORRELfunction to calculate the correlation coefficient. For example,=CORREL(A1:A10, B1:B10)measures the strength of the relationship between two variables.",Important Excel Interview
103. How do you export Excel charts into PowerPoint?,Copy the chart in Excel (Ctrl + C) and paste it into PowerPoint (Ctrl + V). Use thePaste Specialoption to link the chart for real-time updates.,Important Excel Interview
104. How do you create a Histogram in Excel?,Use theData Analysis ToolPakorInsert > Chart > Histogramto group data into intervals and display the frequency distribution.,Important Excel Interview
105. How does Excel 365 Copilot help with insights?,"Excel Copilot uses AI to generate summaries, identify trends, and create visualizations based on natural language queries. For example, ask “What are the sales trends for the last 6 months?” for instant analysis.",Excel 365 Advanced Excel Interview
106. How do you automate repetitive tasks with Copilot?,"Use Copilot to perform common tasks like cleaning data, formatting tables, or creating formulas. For example, prompt it to “Remove duplicates and highlight outliers in this dataset.”",Excel 365 Advanced Excel Interview
107. How do you use the IMAGE function in Excel 365?,"The IMAGE function embeds images directly into cells using a URL. For example,=IMAGE(""https://example.com//logo.jpg"")displays the image in the cell.",Excel 365 Advanced Excel Interview
108. How do you analyze multiple datasets using Copilot?,"Copilot can consolidate data from multiple sheets or files, identify patterns, and suggest charts or Pivot Tables for better visualization.",Excel 365 Advanced Excel Interview
109. How does Excel 365 Copilot simplify report generation?,"With Copilot, you can generate automated reports by providing prompts like “Create a quarterly performance report” or “Summarize sales by region.”",Excel 365 Advanced Excel Interview
110. How do you use the UNIQUE function in Excel 365?,"The UNIQUE function extracts unique values from a dataset dynamically. For example,=UNIQUE(A1:A10)generates a list of distinct items from the range A1:A10.",Excel 365 Advanced Excel Interview
111. How do you use the SEQUENCE function in Excel 365?,"The SEQUENCE function generates a numeric array in rows and columns. For example,=SEQUENCE(5, 2)creates a 5x2 array with sequential numbers starting from 1.",Excel 365 Advanced Excel Interview
112. How do you use the SORTBY function?,"SORTBY sorts a dataset based on one or more criteria. For example,=SORTBY(A1:A10, B1:B10, 1)sorts A1:A10 based on the ascending order of B1:B10.",Excel 365 Advanced Excel Interview
113. How do you use the RANDARRAY function?,"RANDARRAY generates an array of random numbers within a specified range. For example,=RANDARRAY(5, 1, 1, 100, TRUE)creates 5 random integers between 1 and 100.",Excel 365 Advanced Excel Interview
114. How do you use the TEXTJOIN function?,"TEXTJOIN combines text from multiple ranges or arrays with a specified delimiter. For example,=TEXTJOIN("", "", TRUE, A1:A5)joins text in A1 through A5, separated by commas.",Excel 365 Advanced Excel Interview
115. How do you use the TOROW function?,"The TOROW function converts a range of cells into a single row. For example,=TOROW(A1:C3)consolidates the range A1:C3 into a horizontal array.",Excel 365 Advanced Excel Interview
116. How do you use the TOCOL function?,"The TOCOL function converts a range of cells into a single column. For example,=TOCOL(A1:C3)consolidates the range A1:C3 into a vertical array.",Excel 365 Advanced Excel Interview
117. How do you create interactive slicers for Pivot Tables?,Interactive slicers are created by selecting the Pivot Table and navigating toInsert > Slicer. Slicers allow filtering data with clickable buttons.,Excel 365 Advanced Excel Interview
118. How do you create a Gantt chart in Excel?,Create a Gantt chart by using bar charts to represent task durations. Adjust bar start and end dates using conditional formatting or chart customization.,Excel 365 Advanced Excel Interview
119. How do you create a cumulative sum in Excel?,Use a running total formula like=SUM($A$1:A1)and drag it down to calculate the cumulative total for each row.,Excel 365 Advanced Excel Interview
120. How do you use the SUBSTITUTE function?,"SUBSTITUTE replaces occurrences of a specified text within a string. For example,=SUBSTITUTE(A1, ""old"", ""new"")replaces all instances of ""old"" with ""new"" in cell A1.",Excel 365 Advanced Excel Interview
121. How do you calculate working days between two dates?,"Use theNETWORKDAYSfunction to calculate the number of working days between two dates. For example,=NETWORKDAYS(A1, B1)excludes weekends and optionally holidays.",Excel 365 Advanced Excel Interview
122. How do you calculate a percentage difference between two values?,Use the formula=((New Value - Old Value) / Old Value) * 100to calculate the percentage change.,Excel 365 Advanced Excel Interview
123. How do you identify duplicates in Excel?,Use conditional formatting with the ruleHighlight Cells Rules > Duplicate Valuesto easily spot duplicate entries.,Excel 365 Advanced Excel Interview
124. How do you transpose data from rows to columns?,Use the TRANSPOSE function orPaste Special > Transposeto switch rows to columns or vice versa.,Excel 365 Advanced Excel Interview
125. How do you use the LAMBDA function in Excel 365?,"LAMBDA creates custom reusable functions. For example,=LAMBDA(x, x^2)(5)calculates the square of 5 and returns 25.",Excel 365 Advanced Excel Interview
126. How do you apply conditional formatting based on another cell’s value?,"Use a custom formula in conditional formatting. For example, apply=A1>100to format cells where the value is greater than 100.",Excel 365 Advanced Excel Interview
127. How do you group data in a Pivot Table?,"Right-click a value in the Pivot Table and selectGroup. Grouping can be used to organize dates into months, quarters, or years.",Excel 365 Advanced Excel Interview
128. How do you remove extra spaces from text in Excel?,"Use theTRIMfunction to remove unnecessary spaces, leaving only single spaces between words.",Excel 365 Advanced Excel Interview
129. How do you use the DAX language in Power Pivot?,"DAX (Data Analysis Expressions) is used in Power Pivot to create calculated columns and measures. For example,=SUM(Sales[Amount])calculates the total sales.",Excel 365 Advanced Excel Interview
130. How do you use the AVERAGEIF function?,"AVERAGEIF calculates the average of a range based on a condition. For example,=AVERAGEIF(A1:A10, "">50"")returns the average of numbers greater than 50.",Excel 365 Advanced Excel Interview
131. How do you highlight top 10 values in Excel?,Use conditional formatting with the ruleTop/Bottom Rules > Top 10 Itemsto automatically highlight the highest values in a dataset.,Excel 365 Advanced Excel Interview
132. How do you automate repetitive tasks in Excel?,Automate tasks using VBA macros or Excel’s built-in Power Automate tools to streamline recurring workflows.,Excel 365 Advanced Excel Interview
133. How do you calculate the mode of a dataset in Excel?,Use theMODE.SNGLfunction to find the most frequently occurring number in a dataset.,Excel 365 Advanced Excel Interview
134. How do you create an amortization schedule in Excel?,"Use thePMT,IPMT, andPPMTfunctions to calculate loan payments, interest, and principal for each period.",Excel 365 Advanced Excel Interview
135. How do you use the CONCAT function?,"The CONCAT function combines text from multiple ranges into one string. For example,=CONCAT(A1:A5)concatenates all values in the range A1:A5.",Excel 365 Advanced Excel Interview
136. How do you use Excel to manage inventory?,"Create an inventory tracker using tables, formulas likeSUMIFfor totals, and conditional formatting to flag low stock levels.",Excel 365 Advanced Excel Interview
137. How do you find the nth largest value in a dataset?,"Use theLARGEfunction, such as=LARGE(A1:A10, 3), to find the 3rd largest value in a range.",Excel 365 Advanced Excel Interview
138. How do you calculate Net Present Value (NPV) in Excel?,"Use theNPVfunction to calculate the present value of cash flows based on a discount rate. For example,=NPV(10%, A1:A5)calculates NPV with a 10% rate.",Excel 365 Advanced Excel Interview
139. How do you create an interactive data summary in Excel?,Combine Pivot Tables with slicers and charts to create a dynamic dashboard for interactive data exploration.,Excel 365 Advanced Excel Interview
140. How do you use the OFFSET function for dynamic ranges?,"OFFSET defines a range based on a reference point. For example,=OFFSET(A1, 0, 0, COUNTA(A:A))adjusts dynamically as new data is added.",Excel 365 Advanced Excel Interview
141. How do you calculate the median in Excel?,"Use theMEDIANfunction to find the middle value of a dataset. For example,=MEDIAN(A1:A10)returns the median value in A1:A10.",Excel 365 Advanced Excel Interview
142. How do you analyze time-series data in Excel?,Use line charts with trendlines or theFORECAST.LINEARfunction to identify patterns and make predictions.,Excel 365 Advanced Excel Interview
143. How do you create a formula to compare two lists?,"Use=IF(COUNTIF(List1, List2)>0, ""Match"", ""No Match"")to compare items in two lists.",Excel 365 Advanced Excel Interview
144. How do you apply a custom number format?,"Go toFormat Cells > Customand enter a format code like""Total: ""$#,##0to display numbers with custom text or styles.",Excel 365 Advanced Excel Interview
145. How do you use the HYPERLINK function?,"The HYPERLINK function creates clickable links. For example,=HYPERLINK(""https://example.com/"", ""Visit Site"")generates a link labeled ""Visit Site.""",Excel 365 Advanced Excel Interview
146. How do you calculate the frequency of data in Excel?,"Use theFREQUENCYfunction to calculate how often values occur within intervals. For example,=FREQUENCY(A1:A10, B1:B5)counts occurrences in specified bins.",Excel 365 Advanced Excel Interview
147. How do you use the ROUNDDOWN function?,"ROUNDDOWN always rounds a number down to the specified number of digits. For example,=ROUNDDOWN(12.345, 2)returns 12.34.",Excel 365 Advanced Excel Interview
148. How do you use the ROUNDUP function?,"ROUNDUP always rounds a number up. For example,=ROUNDUP(12.345, 2)returns 12.35.",Excel 365 Advanced Excel Interview
149. How do you highlight weekends in a date range?,"Use conditional formatting with a formula like=OR(WEEKDAY(A1)=1, WEEKDAY(A1)=7)to identify weekends.",Excel 365 Advanced Excel Interview
150. How do you analyze customer churn in Excel?,"Calculate churn rates using=COUNTIF(Status, ""Lost"")/COUNTA(Status)and visualize trends using line or bar charts.",Excel 365 Advanced Excel Interview
151. How do you calculate payback period in Excel?,Calculate cumulative cash flows and identify the period where the cumulative value becomes positive.,Excel 365 Advanced Excel Interview
152. How do you use data bars in conditional formatting?,ApplyConditional Formatting > Data Barsto visualize numeric values as horizontal bars.,Excel 365 Advanced Excel Interview
153. How do you find blank cells in a range?,Use theISBLANKfunction combined with conditional formatting or a filter to identify empty cells.,Excel 365 Advanced Excel Interview
154. How do you calculate growth rates in Excel?,Use the formula=((Ending Value / Starting Value)^(1/Years)) - 1to calculate Compound Annual Growth Rate (CAGR).,Excel 365 Advanced Excel Interview
155. How do you use Power Automate with Excel?,"Power Automate integrates Excel with other applications to automate workflows like data updates, notifications, or report generation.",Excel 365 Advanced Excel Interview
156. How do you use a scatter plot in Excel?,"Insert a scatter plot (Insert > Chart > Scatter) to visualize relationships between two variables, such as sales and advertising spend.",Excel 365 Advanced Excel Interview
157. How do you calculate a breakeven point in Excel?,Use the formula=Fixed Costs / (Selling Price - Variable Costs)to determine the sales quantity needed to cover costs.,Excel 365 Advanced Excel Interview
158. How do you create a running balance in Excel?,Use a formula like=Previous Balance + Inflows - Outflowsto calculate balances row by row.,Excel 365 Advanced Excel Interview
159. How do you find cells with errors in Excel?,Use theISERRORfunction combined with conditional formatting to highlight cells with errors.,Excel 365 Advanced Excel Interview
160. How do you automate email notifications with Excel?,"Use VBA to send emails from Excel based on cell data, or integrate with Power Automate for more advanced automation.",Excel 365 Advanced Excel Interview
161. How do you extract data from a web page into Excel?,UseData > Get Data > From Webto scrape data directly from a web page into an Excel sheet.,Excel 365 Advanced Excel Interview
162. How do you consolidate data from multiple workbooks?,Use Power Query’sGet Data > Combine Queriesfeature to merge data from multiple Excel files.,Excel 365 Advanced Excel Interview
163. How do you validate data entry in Excel?,"UseData > Data Validationto restrict entries to specific formats, such as dates, numbers, or text length.",Excel 365 Advanced Excel Interview
164. How do you forecast data trends in Excel?,Use theFORECAST.ETSfunction for seasonal forecasting or create a trendline in a chart to project future values.,Excel 365 Advanced Excel Interview
165. How do you summarize large datasets quickly?,"Use Pivot Tables to group and analyze data, and Power Query to clean and reshape large datasets before summarization.",Excel 365 Advanced Excel Interview
166. How do you calculate ROI for a marketing campaign in Excel?,"ROI is calculated using the formula(Revenue - Cost) / Cost. For example, if a campaign cost $5,000 and generated $15,000 in revenue,=(15000 - 5000) / 5000gives an ROI of 200%.",Marketing-Specific Excel
167. How do you track marketing campaign performance in Excel?,"Create a table with columns for metrics like impressions, clicks, and conversions. Use Pivot Tables to summarize and analyze the data, and charts to visualize trends.",Marketing-Specific Excel
168. How do you calculate customer acquisition cost (CAC)?,"Use the formulaTotal Marketing Expenses / Number of New Customers. For example, if marketing expenses are $50,000 and 1,000 new customers are acquired, CAC is$50.",Marketing-Specific Excel
169. How do you analyze customer segmentation in Excel?,"Group customers by demographics, purchasing behavior, or engagement levels using Pivot Tables. Visualize the segments with pie or bar charts.",Marketing-Specific Excel
170. How do you calculate the conversion rate in Excel?,"Conversion rate is calculated as(Conversions / Total Visitors) * 100. For instance, if there are 500 visitors and 50 conversions, the conversion rate is(50 / 500) * 100 = 10%.",Marketing-Specific Excel
171. How do you create a financial model in Excel?,"Build separate sheets for inputs, calculations, and outputs. Use formulas likeNPV,IRR, andPMTto analyze cash flows, valuations, and debt schedules.",Finance-Specific Excel
172. How do you perform a sensitivity analysis in Excel?,"UseData > What-If Analysis > Data Tableto vary input values and see their impact on key financial metrics, such as profit or ROI.",Finance-Specific Excel
173. How do you calculate loan payments in Excel?,"Use thePMTfunction. For example,=PMT(5%/12, 60, -10000)calculates the monthly payment for a loan of $10,000 with a 5% annual interest rate over 60 months.",Finance-Specific Excel
174. How do you calculate EBITDA in Excel?,EBITDA is calculated asNet Income + Interest + Taxes + Depreciation + Amortization. Create a structured table to calculate and track these components.,Finance-Specific Excel
175. How do you track and reconcile financial transactions in Excel?,"UseVLOOKUP,XLOOKUP, orINDEX-MATCHto match transaction records between two sheets and highlight discrepancies with conditional formatting.",Finance-Specific Excel
176. How do you calculate employee turnover rates in Excel?,"Turnover rate is calculated as(Number of Leavers / Average Number of Employees) * 100. For example, if 10 employees leave out of 200, the rate is(10 / 200) * 100 = 5%.",HR-Specific Excel Interview
177. How do you track employee attendance in Excel?,Create a table with columns for dates and employees. UseCOUNTIFto count attendance status like “Present” or “Absent” for each employee.,HR-Specific Excel Interview
178. How do you automate payroll calculations in Excel?,"Use formulas likeGross Pay - Deductions = Net PayandIFfunctions to calculate tax brackets. For example,=IF(Salary>50000, Salary*0.3, Salary*0.2)applies tiered tax rates.",HR-Specific Excel Interview
179. How do you create a training tracker in Excel?,Use conditional formatting to highlight completed training sessions. Add a progress tracker column with a formula like=(Completed Modules / Total Modules) * 100.,HR-Specific Excel Interview
180. How do you manage recruitment data in Excel?,"Use Excel tables to organize candidate details. Use filters to sort candidates by status, and charts to visualize metrics like time-to-hire and source effectiveness.",HR-Specific Excel Interview
181. How do you create a project schedule in Excel?,"Use a Gantt chart with task names, start dates, and durations. Use conditional formatting to highlight task progress and overdue tasks.",Project Management Specific Excel Interview
182. How do you calculate project costs in Excel?,"Create a table for tasks, estimated costs, and actual costs. UseSUMto calculate totals and=(Actual - Estimated) / Estimated * 100to calculate cost variance percentages.",Project Management Specific Excel Interview
183. How do you use Excel for resource allocation?,Create a resource matrix with tasks as rows and team members as columns. Use formulas to calculate workloads and highlight over-allocated resources.,Project Management Specific Excel Interview
184. How do you track project progress using Excel?,UseConditional Formattingto create progress bars in cells. Calculate completion percentages with=(Completed Tasks / Total Tasks) * 100.,Project Management Specific Excel Interview
185. How do you identify project risks in Excel?,"Create a risk assessment matrix with probability and impact scores. Use conditional formatting to color-code high, medium, and low-risk items.",Project Management Specific Excel Interview
186. How do you audit financial statements using Excel?,UsePivot Tablesto summarize large datasets andVLOOKUPorXLOOKUPto reconcile ledger entries. Highlight anomalies using conditional formatting.,Chartered Accountant (CA) and Company Secretary (CS) Excel Interview
187. How do you prepare tax computation sheets in Excel?,"Use logical functions likeIFto calculate applicable tax rates. For example,=IF(Income<=500000, Income*0.05, Income*0.1)applies tiered tax rates.",Chartered Accountant (CA) and Company Secretary (CS) Excel Interview
188. How do you handle depreciation schedules in Excel?,Use theSLNandDBfunctions to calculate straight-line and declining balance depreciation. Create tables to track yearly depreciation values.,Chartered Accountant (CA) and Company Secretary (CS) Excel Interview
189. How do you calculate dividend payouts in Excel?,"Use the formulaNet Profit * Dividend Payout Ratio. For example, if net profit is $1,000,000 and the payout ratio is 30%, the dividend is$300,000.",Chartered Accountant (CA) and Company Secretary (CS) Excel Interview
190. How do you track compliance deadlines in Excel?,Create a table with deadlines and statuses. Use conditional formatting to flag overdue tasks and reminders.,Chartered Accountant (CA) and Company Secretary (CS) Excel Interview
191. How do you use Excel shortcuts to speed up workflows?,"Memorize common shortcuts likeCtrl + C(copy),Ctrl + V(paste), andAlt + H + O + I(auto-fit column width) for faster navigation and data entry.",Excel Tricks and Shortcuts Interview
192. How do you use Flash Fill in Excel?,Flash Fill automatically fills patterns based on the first example. UseCtrl + Eto quickly split or combine text without complex formulas.,Excel Tricks and Shortcuts Interview
193. How do you create drop-down lists in Excel?,UseData Validation > Listto create a dropdown. Enter the items manually or reference a cell range for dynamic lists.,Excel Tricks and Shortcuts Interview
194. How do you use Quick Analysis in Excel?,"Select a range and click the Quick Analysis icon to access formatting, charts, totals, and more. This provides instant visualizations and summaries.",Excel Tricks and Shortcuts Interview
195. How do you split text into columns without formulas?,"UseData > Text to Columnsand select a delimiter (e.g., space or comma) to split text into separate cells.",Excel Tricks and Shortcuts Interview
196. How do you navigate large datasets efficiently?,UseCtrl + Arrow Keysto jump to the edges of data ranges andCtrl + Shift + Arrow Keysto select large ranges.,Excel Tricks and Shortcuts Interview
197. How do you use Format Painter in Excel?,"Select a cell with the desired format, clickFormat Painter, and apply it to other cells to replicate formatting.",Excel Tricks and Shortcuts Interview
198. How do you create dynamic named ranges?,"Use theOFFSETfunction to create ranges that adjust automatically as data grows. For example,=OFFSET(A1, 0, 0, COUNTA(A:A)).",Excel Tricks and Shortcuts Interview
199. How do you quickly sum data in Excel?,Use theAlt + =shortcut to automatically insert aSUMformula for a selected range.,Excel Tricks and Shortcuts Interview
200. How do you lock cells in Excel?,"Select cells, go toFormat Cells > Protection, and checkLocked. Protect the sheet to enforce cell locking.",Excel Tricks and Shortcuts Interview
